"序号","名称","版本"
"1","netty","netty-4.0.23.Final"
"2","netty","netty-4.0.28.Final"
"3","netty","netty-4.0.29.Final"
"4","netty","netty-4.0.52.Final"
"5","netty","netty-4.0.56.Final"
"6","netty","netty-4.1.0.Final"
"7","netty","netty-4.1.3.Final"
"8","netty","netty-4.1.10.Final"
"9","netty","netty-4.1.17.Final"
"10","netty","netty-4.1.20.Final"
"11","netty","netty-4.1.30.Final"
"12","netty","netty-4.1.40.Final"
"13","netty","netty-4.1.42.Final"
"14","netty","netty-4.1.44.Final"
"15","netty","netty-4.1.46.Final"
"16","netty","netty-4.1.48.Final"
"17","netty","netty-4.1.50.Final"
"18","netty","netty-4.1.52.Final"
"19","netty","netty-4.1.54.Final"
"20","netty","netty-4.1.56.Final"
"21","netty","netty-4.1.58.Final"
"22","netty","netty-4.1.60.Final"
"23","netty","netty-4.1.63.Final"
"24","netty","netty-4.1.65.Final"
"25","netty","netty-4.1.68.Final"
"26","netty","netty-4.1.70.Final"
"27","netty","netty-4.1.72.Final"
"28","netty","netty-4.1.75.Final"
"29","netty","netty-4.1.77.Final"
"30","netty","netty-4.1.80.Final"
"31","netty","netty-4.1.82.Final"
"32","netty","netty-4.1.84.Final"
"33","netty","netty-4.1.86.Final"
"34","netty","netty-4.1.90.Final"
"35","netty","netty-4.1.100.Final"
"36","netty","netty-4.1.107.Final"
"37","netty","netty-4.1.110.Final"
"38","netty","netty-4.1.114.Final"
"39","netty-tcnative","netty-tcnative-parent-2.0.1.Final"
"40","netty-tcnative","netty-tcnative-parent-2.0.5.Final"
"41","netty-tcnative","netty-tcnative-parent-2.0.10.Final"
"42","netty-tcnative","netty-tcnative-parent-2.0.15.Final"
"43","netty-tcnative","netty-tcnative-parent-2.0.20.Final"
"44","netty-tcnative","netty-tcnative-parent-2.0.25.Final"
"45","netty-tcnative","netty-tcnative-parent-2.0.30.Final"
"46","netty-tcnative","netty-tcnative-parent-2.0.35.Final"
"47","netty-tcnative","netty-tcnative-parent-2.0.36.Final"
"48","netty-tcnative","netty-tcnative-parent-2.0.38.Final"
"49","netty-tcnative","netty-tcnative-parent-2.0.40.Final"
"50","netty-tcnative","netty-tcnative-parent-2.0.45.Final"
"51","netty-tcnative","netty-tcnative-parent-2.0.50.Final"
"52","netty-tcnative","netty-tcnative-parent-2.0.51.Final"
"53","netty-tcnative","netty-tcnative-parent-2.0.52.Final"
"54","netty-tcnative","netty-tcnative-parent-2.0.53.Final"
"55","netty-tcnative","netty-tcnative-parent-2.0.54.Final"
"56","netty-tcnative","netty-tcnative-parent-2.0.55.Final"
"57","netty-tcnative","netty-tcnative-parent-2.0.56.Final"
"58","netty-tcnative","netty-tcnative-parent-2.0.59.Final"
"59","netty-tcnative","netty-tcnative-parent-2.0.60.Final"
"60","netty-tcnative","netty-tcnative-parent-2.0.61.Final"
"61","netty-tcnative","netty-tcnative-parent-2.0.62.Final"
"62","netty-tcnative","netty-tcnative-parent-2.0.65.Final"
"63","netty-tcnative","netty-tcnative-parent-2.0.66.Final"
"64","netty-tcnative","netty-tcnative-parent-2.0.67.Final"
"65","netty","netty-4.1.0.Final"
"66","netty","netty-4.1.5.Final"
"67","netty","netty-4.1.10.Final"
"68","netty","netty-4.1.15.Final"
"69","netty","netty-4.1.20.Final"
"70","netty","netty-4.1.25.Final"
"71","netty","netty-4.1.30.Final"
"72","netty","netty-4.1.35.Final"
"73","netty","netty-4.1.40.Final"
"74","netty","netty-4.1.45.Final"
"75","netty","netty-4.1.50.Final"
"76","netty","netty-l4.1.55.Final"
"77","netty","netty-4.1.60.Final"
"78","netty","netty-4.1.65.Final"
"79","netty","netty-4.1.70.Final"
"80","netty","netty-4.1.75.Final"
"81","netty","netty-4.1.80.Final"
"82","netty","netty-4.1.85.Final"
"83","netty","netty-4.1.90.Final"
"84","netty","netty-4.1.95.Final"
"85","netty","netty-4.1.100.Final"
"86","netty","netty-4.1.105.Final"
"87","netty","netty-4.1.110.Final"
"88","netty","netty-4.1.114.Final"
"89","flink-shaded","4.0.27.Final-2.0"
"90","flink-shaded","4.0.56.Final-3.0"
"91","flink-shaded","4.1.24.Final-5.0"
"92","flink-shaded","4.1.32.Final-7.0"
"93","flink-shaded","4.1.49.Final-13.0"
"94","flink-shaded","4.1.65.Final-14.0"
"95","flink-shaded","4.1.70.Final-15.0"
"96","flink-shaded","4.1.82.Final-16.1"
"97","flink-shaded","4.1.83.Final-16.2"
"98","flink-shaded","4.1.91.Final-17.0"
"99","flink-shaded","4.1.100.Final-19.0"
"100","hbase-thirdparty","2.0.0RC0"
"101","hbase-thirdparty","rel/2.1.0"
"102","hbase-thirdparty","rel/2.2.1"
"103","hbase-thirdparty","rel/3.0.0"
"104","hbase-thirdparty","rel/3.1.1"
"105","hbase-thirdparty","rel/3.2.0"
"106","hbase-thirdparty","rel/3.3.0"
"107","hbase-thirdparty","rel/3.4.1"
"108","hbase-thirdparty","rel/3.5.1"
"109","hbase-thirdparty","rel/4.0.1"
"110","hbase-thirdparty","rel/4.1.0"
"111","hbase-thirdparty","rel/4.1.1"
"112","hbase-thirdparty","rel/4.1.2"
"113","hbase-thirdparty","rel/4.1.3"
"114","hbase-thirdparty","rel/4.1.4"
"115","hbase-thirdparty","rel/4.1.5"
"116","hbase-thirdparty","rel/4.1.6"
"117","hbase-thirdparty","rel/4.1.7"
"118","hbase-thirdparty","rel/4.1.8"
"119","hbase-thirdparty","rel/4.1.9"
